0486052bb.json,095bf7a1f.json,1e2425f28.json,26dc41664.json,2ec3f1bb9.json,2f6ecfcdf.json,3589adb90.json,4ef6695ce.json,54f2eec69.json,57512b7f1.json,8242609fa.json,aa05346ff.json,aaa6a05cc.json,afa5e8098.json,b2dc8411c.json,b9a3865fc.json,c68fe75ea.json,cb2d976f4.json,d488c759a.json,e79de561c.json
87.5610171475,146.207781375,94.052231625,143.924941125,453.44223936375,232.257481794,81.88417152499999,387.552505375,167.214043625,88.476032225,278.80533900374996,412.665702375,36.996023752350006,143.825699875,174.57777000624998,187.8299812675,128.55061275,193.21820869,84.2301355,69.21635575
